编号,书名,作者,朝代,年份
A-001,石山医案,汪机,明,公元1519年
A-002,孙文垣医案,孙一奎,清,公元1522~1619年
A-003,薛氏医案,薛己,明,公元1528年
A-004,丛桂草堂医案,袁焯,清,公元1644-1911年
A-005,冷庐医话,陆以湉,清,公元1644-1911年
A-006,医案精华,佚名,清,公元1644-1911年
A-007,医话,佚名,清,公元1644-1911年
A-008,友渔斋医话,黄凯钧,清,公元1644-1911年
A-009,吴鞠通医案,吴鞠通,清,公元1644-1911年
A-010,塘医话&馤塘医话,佚名,清,公元1644-1911年
A-011,存存斋医话稿,赵晴,清,公元1644年—1911年
A-012,客尘医话,讦寿乔,清,公元1644-1911年
A-013,对山医话,毛对山,清,公元1644-1911年
A-014,张畹香医案,张畹香,清,公元1644-1911年
A-015,张聿青医案,张聿青,清,公元1644年—1911年
A-016,曹仁伯医案论,曹存心,清,公元1644年—1911年
A-017,未刻本叶氏医案,叶天士,清,公元1644-1911年
A-018,柳洲医话,魏之琇,清,公元1644-1911年
A-019,爱月庐医案,佚名,清,公元1644-1911年
A-020,王旭高临证医案,王旭高,清,公元1644年
A-021,王氏医案绎注,任锡庚,清,公元1644年
A-022,程杏轩医案,程杏轩,清,公元1644-1911年
A-023,笔花医镜,江涵暾,清,公元1644-1911年
A-024,花韵楼医案,顾德华,清,公元1644-1911年
A-025,读医随笔,周学海,清,公元1644-1911年
A-026,邵兰荪医案,邵兰荪,清,公元1644年—1911年
A-027,寓意草,喻昌,清,公元1645年
A-028,旧德堂医案,李用粹,清,公元1687年
A-029,临证指南医案,叶桂,清,公元1746年
A-030,一瓢医案,薛雪,清,公元1750年
A-031,洄溪医案,徐大椿,清,公元1764年
A-032,古今医案按,俞震篡,清,公元1778年
A-033,三家医案合刻,吴金寿,清,公元1831年
A-034,仿寓意草,李文荣,清,公元1835年
A-035,醉花窗医案,王堉,清,公元1850年
A-036,归砚录,王士雄,清,公元1861
A-037,毛对山医话,毛祥麟,清,公元1870年
A-038,许氏医案,许恩普,清,公元1880年
A-039,马培之医案,马培之,清,公元1893年
A-040,诊余举隅录,陈廷儒,清,公元1898年
A-041,增补评注柳选医案,柳宝诒,清,公元1900年
A-042,柳选四家医案,柳宝诒,清,公元1900年
A-043,陈莲舫先生医案,陈秉钧,清,公元1900年
A-044,医验随笔,沈奉江,近代,公元1911-1949年
A-045,景景医话,陆锦燧,近代,公元1915年
A-046,湖岳村叟医案,翟竹亭,近代,公元1925年
A-047,士谔医话,陆士谔,近代,公元1930年
A-048,止园医话,罗止园,近代,公元1935年
A-049,医学经验录(医案),熊惠生,近代,公元1936年
A-050,余无言医案,余无言,现代,公元1950年
A-051,余无言医案及医话,余无言,现代,公元1955年
A-052,章次公医案,章次公,现代,公元1959年
A-053,吴佩衡医案,吴佩衡,现代,公元1960年
A-054,姚贞白医案,姚贞白,现代,公元1970年
A-055,范中林六经辨证医案,范中林,现代,公元1980年
A-056,近现代名医验案类编,佚名,现代,公元1980年
A-057,陈友芝医案,陈友芝,现代,公元2000年
A-058,丁甘仁医案,丁甘仁,近代,公元1927年
A-059,也是山人医案,也是山人,清,公元1746年
A-060,何澹安医案,何澹安,清,公元1795年
A-061,先哲医话,浅田惟常,日·江户,公元1860年
A-062,叶天士医案精华,叶天士,清,公元1746年
A-063,塘医话,佚名,清,公元1644-1911年
A-064,重庆堂随笔,王秉衡,清,公元1850年
B-001,神农本草经,佚名(托名神农),汉,公元前200年
B-002,吴普本草,吴普,魏晋,公元420年—589
B-003,濒湖炮炙法,刘宋、雷学所着,南北朝,公元420-581年
B-004,雷公炮炙论,刘宋、雷学所着,南北朝,公元420-581年
B-005,本草经集注,陶弘景,南朝·梁,公元502-557年
B-006,食疗本草,孟显,唐,公元618-907年
B-007,新修本草,苏敬等20余人编写,唐,公元659年
B-008,海药本草,李珣,五代,公元907-960年
B-009,本草图经,苏颂,宋,公元960-1279年
B-010,证类本草,唐慎微,宋,公元960-1279年
B-011,十二经补泻温凉引经药歌,佚名,金元,公元1115-1368年
B-012,十二经补泻温凉引经药歌,佚名,金元,公元1115-1368年
B-013,本草衍义,寇宗奭,宋·政和六年,公元1116年
B-014,脏腑虚实标本用药式,张元素,金元,公元1186年
B-015,药性赋,李杲(托名),金元,公元1200年
B-016,珍珠囊补遗药性赋,李东垣,元,公元1271年—1368年
B-017,增广和剂局方药性总论,佚名,元,公元1279-1368年
B-018,本草品汇精要,王好古,元,公元1279-1368年
B-019,汤液本草,王好古,元,公元1298年
B-020,饮膳正要,忽思慧,元,公元1314-1320年
B-021,本草乘雅半偈,卢之颐,明,公元1368-1644年
B-022,本草征要,李中梓,明,公元1368-1644年
B-023,本草纲目别名录,李时珍,明,公元1368-1644年
B-024,本草蒙筌,陈嘉谟,明,公元1368-1644年
B-025,药鉴,杜文燮,明,公元1368-1644年
B-026,滇南本草,兰茂,明,公元1396-1476年
B-027,本草纲目,李时珍,明·万历六年,公元1578年
B-028,雷公炮制药性解,李士材,明,公元1588～1655年
B-029,本经逢原,张璐,清,公元1617－1700年
B-030,炮炙大法,缪希雍,明,公元1622年
B-031,神农本草经疏,缪希雍,明,公元1625年
B-032,得配本草,严西亭,清,公元1644-1911年
B-033,本草便读,张秉成,清,公元1644-1911年
B-034,本草分经,姚澜,清,公元1644-1911年
B-035,本草害利,凌奂,清,公元1644-1911年
B-036,本草思辨录,周岩,清,公元1644-1911年
B-037,本草择要纲目,蒋介繁,清,公元1644-1911年
B-038,本草撮要,陈其瑞,清,公元1644-1911年
B-039,本草易读,汪讱庵,清,公元1644-1911年
B-040,本草求真,黄宫绣,清,公元1644-1911年
B-041,本草经解,叶桂,清,公元1644-1911年
B-042,本草述钩元,杨时泰,清,公元1644-1911年
B-043,汤头歌诀,汪昂,清,公元1644-1911年
B-044,神农本草经百种录,徐大椿,清,公元1644-1911年
B-045,神农本草经读,陈修园,清,公元1644-1911年
B-046,药症忌宜,陈三山,清,公元1644-1911年
B-047,本草崇原,着者张志聪殁而书未成，后由弟子高世栻续成,清·康熙十三年,公元1674年
B-048,长沙药解,黄元御,清,公元1753年
B-049,本草纲目拾遗,赵学敏,清,公元1765年
B-050,药笼小品,黄凯钧,清,公元1812年
B-051,本经疏证,邹澍,清,公元1837年
B-052,本草问答,唐宗海,清,公元1862-1918年
B-053,本草简要方,张宗祥,现代,公元1938年
B-054,民间草药药性赋,佚名,现代,公元1950年
B-055,本草从新,吴仪洛,清·公元1644-1911年,<目录>
B-056,本草备要,汪昂,清·公元1644-1911年,<目录>
B-057,本草新编,陈士铎,清·公元1644-1911年,<目录>
B-058,炮炙全书,稻生宣义,日·江户,公元1702年
B-059,神农本草经赞,叶志诜,清,公元1850年
B-060,药征,吉益东洞,日·江户,公元1771年
B-061,药征续编,村井杶,日·江户,公元1785年
B-062,药性切用,徐大椿,清,公元1764年
B-063,要药分剂,沈金鳌,清,公元1773年
B-064,金疮跌打接骨药性秘书,佚名,清,公元1644-1911年
B-065,食鉴本草,宁原,明,公元1500年
D-001,脉经,王叔和,西晋,公元280年
D-002,察病指南,施桂堂,宋,公元960年—1279年
D-003,脉诀,崔嘉彦,宋,公元1189年
D-004,脉诀指掌病式图说,李杲,金元,公元1240年
D-005,诊家枢要,滑寿,元,公元1359年
D-006,濒湖脉学,李时珍,明·嘉靖四十三年,公元1564年
D-007,诊家正眼,李中梓,明,公元1642年
D-008,佛点头脉诀,王氏,清,公元1644-1911年
D-009,脉象口诀歌,佚名,清,公元1644-1911年
D-010,脉诀阐微,陈士铎,清,公元1687年
D-011,脉诀阐微&脉学阐微,陈士铎/佚名,清,公元1687年
D-012,四诊抉微,林之翰,清,公元1723年
D-013,重订诊家直诀,周学海,清,公元1891年
D-014,舌鉴辨正,梁玉瑜,清,公元1894年
D-015,脉学阐微,佚名,现代,公元1950年
D-016,脉诀乳海,王邦傅,清,公元1700年
D-017,脉诀刊误,戴起宗,元,公元1348年
D-018,脉诀汇辨,李延昰,清,公元1664年
D-019,脉诀考证,李时珍,明,公元1564年
D-020,脉象统类,沈金鳌,清,公元1773年
D-021,诊脉三十二辨,管玉衡,清,公元1700年
E-001,颅囟经,佚名(托名师巫),唐末宋初,公元900年
E-002,颅顖经,佚名(托名师巫),唐末宋初,公元900年
E-003,小儿药证直诀,钱乙,宋,公元1032～ll13年
E-004,活幼心书,曹世荣,元,公元1252-1332年
E-005,活幼口议,曾世荣,元,公元1279-1368年
E-006,保婴撮要,薛铠,明,公元1368-1644年
E-007,婴童百问,鲁伯嗣,明,公元1368-1644年
E-008,幼科折衷,秦景明,明,公元1368-1644年
E-009,幼科类萃,王銮,明,公元1368-1644年
E-010,幼科证治准绳,王肯堂,明,公元1368-1644年
E-011,证治准绳·幼科,王肯堂,明,公元1368年—1644年
E-012,幼科发挥,万全,明,公元1549
E-013,证治准绳(幼科),王肯堂,明,公元1602年
E-014,幼科折衷秘传真本,秦景明,明,公元1641年
E-015,儿科醒,芝屿樵客,清,公元1644-1911年
E-016,婴儿论,周士祢,清,公元1644-1911年
E-017,小儿推拿广意,熊应雄,清,公元1644-1911年
E-018,幼科切要,王锡鑫,清,公元1644-1911年
E-019,幼科推拿秘书,骆如龙,清,公元1644-1911年
E-020,幼科种痘心法要旨,吴谦,清,公元1644-1911年
E-021,幼科释谜,沈金鳌,清,公元1644-1911年
E-022,幼科铁镜,夏禹铸,清,公元1644-1911年
E-023,痘疹心法要诀,吴谦等,清,公元1742年
E-024,麻疹阐注,张霞溪,清,公元1840年
E-025,儿科萃精,陈守真,民国,公元1930年
E-026,儿科要略,吴克潜,近代,公元1930年
E-027,幼科心法要诀,吴谦(编),清,公元1742年
E-028,幼科指南,周震,清,公元1700年
E-029,幼科概论,佚名,近代,公元1911-1949年
E-030,痧疹辑要,叶霖,清,公元1890年
E-031,陈氏幼科秘诀,陈氏,清,公元1644-1911年
F-001,五十二病方,佚名,西汉,公元前206年-公元8年
F-002,华佗神方,华佗,汉,公元前206年-公元8年
F-003,马王堆帛书五十二病方,佚名,西汉,公元前206年
F-004,肘后备急方,葛洪,东晋,公元317-420年
F-005,刘涓子鬼遗方,龚庆宣,南齐,公元479-502年
F-006,仙授理伤续断秘方,蔺道人,唐代,公元618-907年
F-007,千金宝要,孙思邈,唐,公元618年－公元907年
F-008,孙真人海上方,孙思邈,唐,公元618-907年
F-009,备急千金要方,孙思邈,唐·永微三年,公元652年
F-010,千金翼方,孙思邈,唐·开耀二年,公元682年
F-011,外台秘要,王焘,唐·天宝十一年,公元752年
F-012,外台秘要方,王焘,唐,公元752年
F-013,产宝诸方,佚名,宋,公元960-1279年
F-014,全生指迷方,王贶,宋,公元960-1279年
F-015,小儿痘疹方论,陈文中,宋,公元960-1279年
F-016,急救仙方,佚名,宋,公元960-1279年
F-017,是斋百一选方,王璆原,宋,公元960-1279年
F-018,杨氏家藏方,杨倓,宋,公元960-1279年
F-019,苏沈良方,沈括及苏轼撰,北宋,公元960-1127年
F-020,集验方,洪氏,宋,公元960年—1279年
F-021,鸡峰普济方,张锐,宋,公元960-1279年
F-022,医心方,日本、丹波康赖,北宋,公元984年
F-023,太平圣惠方,王怀隐、陈昭遇等,宋·淳化三年,公元992年
F-024,博济方,王衮,宋·庆历七年,公元1047年
F-025,太平惠民和剂局方,太平惠民和剂局所,初刊于宋·元丰年间,公元1078年-1085年
F-026,旅舍备要方,董汲,宋,公元1080年
F-027,圣济总录,由政府组织编写,宋·徽宗,公元1111-1117年
F-028,史载之方,史堪,宋,公元1127-1279年
F-029,产育宝庆方,郭稽中,宋,公元1131年
F-030,普济本事方,许叔微,南宋,公元1132年
F-031,类证普济本事方,许叔微,宋,公元1132年
F-032,本事方续集,许叔微,宋,公元1140年
F-033,类证普济本事方续集,许叔微,宋,公元1140年
F-034,小儿卫生总微论方,不详,宋,公元1158年
F-035,洪氏集验方,洪遵,宋·干道五年,公元1170年
F-036,宣明论方,刘完素,金,公元1172年
F-037,三因极一病证方论,陈言,宋,公元1174年
F-038,传信适用方,吴彦夔,宋,公元1180年
F-039,集验背疽方,李迅,宋·庆元二年,公元1196年
F-040,妇人大全良方,陈自明,南宋·嘉熙元年,公元1237年
F-041,严氏济生方,严用和,宋·宝元,公元1253年
F-042,济生方,严用和,宋,公元1253年
F-043,仁斋直指方论（附补遗）,杨士瀛,宋,公元1264年
F-044,御药院方,许国祯,元,公元1267年
F-045,瑞竹堂经验方,沙图穆秀克,元,公元1279-1368年
F-046,世医得效方,危亦林,天历元年,公元1328年-1337年
F-047,局方发挥,朱震亨,元,公元1347年
F-048,七十二症辨治方法,佚名,明,公元1368-1644年
F-049,医方集宜,丁毅,明,公元1368-1644年
F-050,卫生易简方,胡荧,明,公元1368-1644年
F-051,文堂集验方,罗浮山人,明,公元1368-1644年
F-052,秘传证治要诀及类方,戴思恭,明,公元1368-1644年
F-053,证治准绳·类方,王肯堂,明,公元1368-1644年
F-054,跌损妙方,异远真人,明,公元1368-1644年
F-055,外科集验方,赵宜真,明·洪武戊午年,公元1378年
F-056,仙传外科集验方,赵宜真,元末明初,公元1382年
F-057,普济方,朱梓,明·永乐四年,公元1406年
F-058,普济方(四库本),朱橚,明,公元1406年
F-059,奇效良方,董宿,明·成化六年,公元1470年
F-060,妇人良方集要,陈自明(薛己校注),明,公元1540年
F-061,医方考,吴昆,明代,公元1584年
F-062,鲁府禁方,龚廷贤,明,公元1594年
F-063,证治准绳(类方),王肯堂,明,公元1602年
F-064,大小诸证方论,傅青主,明末清初,公元１６０７──公元１６８４年
F-065,凌临灵方,凌晓五,清,公元1644-1911年
F-066,删补名医方论,吴谦,清,公元1644-1911年
F-067,医方歌括,王泰林,清,公元1644-1911年
F-068,医方简义,王清源,清,公元1644-1911年
F-069,医方证治汇编歌诀,王泰林,清,公元1644-1911年
F-070,古今名医方论,罗美。,清,公元1644-1911年
F-071,古方汇精,爱虚老人,清,公元1644-1911年
F-072,回生集,陈杰,清,公元1644-1911年
F-073,圣济总录纂要,程林(纂),清,公元1644-1911年
F-074,增订医方歌诀,王泰林,清,公元1644-1911年
F-075,外治寿世方,邹存检,清,公元1644-1911年
F-076,太医院秘藏膏丹丸散方剂,佚名,清,公元1644-1911年
F-077,奇方类编,吴世昌,清,公元1644年—1911年
F-078,徐批叶天士晚年方案真本,叶天士,清,公元1644-1911年
F-079,时方妙用,陈念祖,清,公元1644-1911年
F-080,毓麟验方,佚名,清,公元1644-1911年
F-081,济世神验良方,佚名,清,公元1644-1911年
F-082,眉寿堂方案选存,叶天士,清,公元1644-1911年
F-083,种福堂公选良方,叶桂原着、华岫云编,清,公元1644-1911年
F-084,经验丹方汇编,钱峻,清,公元1644-1911年
F-085,绛雪园古方选注,王子接,清,公元1644-1911年
F-086,跌打损伤回生集,胡青昆,清,公元1644-1911年
F-087,退思集类方歌注,王泰林,清,公元1644-1911年
F-088,长沙方歌括,陈念祖,清,公元1644-1911年
F-089,验方家秘,佚名,清,公元1644-1911年
F-090,验方新编,鲍相璈,清,公元1644-1911年
F-091,医方集解,汪昂,清,公元1682年
F-092,灵药秘方,师成子,清,公元1718年
F-093,方症会要,吴玉榗/吴迈,清,公元1756年
F-094,成方切用,吴仪洛,清,公元1761年
F-095,时方歌括,陈修园,清,公元1801年
F-096,伤科方书,江考卿,清,公元1840年
F-097,麻疹备要方论,吴砚丞,清,公元1853年
F-098,陈莘田外科方案,陈莘田,清,公元1860年
F-099,医方论,费伯雄,清,公元1865年
F-100,经方实验录,曹颖甫,近代,公元1937年
F-101,中医临证经验与方法,朱进忠,现代,公元1999年
F-102,外科十三方考,张觉人,近代,公元1940年
F-103,外科方外奇方,佚名,清,公元1644-1911年
F-104,奇效简便良方,丁尧臣,清,公元1870年
F-105,妇科秘方,佚名,清,公元1644-1911年
F-106,小品方,陈延之,南北朝,公元454-473年
F-107,少林真传伤科秘方,佚名,清,公元1644-1911年
F-108,急救便方,佚名,清,公元1644-1911年
F-109,急救良方,张时彻,明,公元1550年
F-110,惠直堂经验方,陶承熹,清·公元1644-1911年,<目录>
F-111,救伤秘旨,赵廷海,清,公元1852年
F-112,神仙济世良方,柏鹤亭,清,公元1725年
F-113,秘传刘伯温家藏接骨金疮禁方,佚名,明,公元1368-1644年
F-114,秘传外科方,佚名,明,公元1368-1644年
F-115,经验奇方,刘一明,清,公元1800年
F-116,脉症治方,吴正伦,明,公元1573年
F-117,走马急疳真方,滕伯祥,明,公元1500年
F-118,跌打损伤方,杨成博,清,公元1644-1911年
F-119,跌打秘方,佚名,清,公元1644-1911年
F-120,金疮秘传禁方,佚名,明,公元1368-1644年
F-121,钱氏秘传产科方书名试验录,钱氏,清,公元1644-1911年
F-122,食疗方,忽思慧,元,公元1330年
G-001,女科百问,宋仲甫,南宋,公元420-479年
G-002,产宝,咎段,唐,公元618-907年
G-003,经效产宝,昝殷,唐,公元847年
G-004,阴证略例,王好古,元,公元1279-1368年
G-005,女科撮要,薛立斋,明,公元1368-1644年
G-006,女科证治准绳,王肯堂,明,公元1368──公元1644年
G-007,妇人规,攻介宾,明,公元1368-1644年
G-008,济阴纲目,武之望,明,公元1368-1644年
G-009,证治准绳·女科,王肯堂,明,公元1368-1644年
G-010,广嗣纪要,万全,明,公元1549年
G-011,证治准绳(女科),王肯堂,明,公元1602年
G-012,妙一斋医学正印种子编,岳甫嘉,明,公元1635年
G-013,傅青主女科歌括,傅山,清,公元1644年—1911年
G-014,女科切要,吴道源,清,公元1644-1911年
G-015,女科折衷纂要,凌德,清,公元1644-1911年
G-016,女科旨要,雪岩禅师,清,公元1644-1911年
G-017,女科经纶,萧埙,清,公元1644-1911年
G-018,女科要旨,陈念祖,清,公元1644-1911年
G-019,妇科心法要诀,吴谦等,清·乾隆,公元1644-1911年
G-020,妇科玉尺,沈金鳌,清,公元1644-1911年
G-021,妇科百辨,庄履严,明,公元1644年
G-022,沈氏女科辑要,沈又彭,清,公元1644-1911年
G-023,盘珠集胎产症治,单南山,清,公元1644-1911年
G-024,胎产心法,闵纯玺,清,公元1644-1911年
G-025,胎产指南,张曜孙,清,公元1644-1911年
G-026,傅青主女科,傅山,清,公元1660年
G-027,内府秘传经验女科,龚廷贤,明,公元1716年
G-028,女科秘旨,轮印禅师,清,公元1771──公元1711年
G-029,广嗣五种备要,王实颖,清,公元1820年
G-030,产后十八论,佚名,清,公元1644-1911年
G-031,产鉴,王化贞,明,公元1624年
G-032,女科指掌,叶其蓁,清,公元1725年
G-033,女科指要,佚名,清,公元1644-1911年
G-034,女科秘要,佚名,清,公元1644-1911年
G-035,女科精要,冯兆张,清,公元1702年
G-036,妇科秘书,佚名,清,公元1644-1911年
G-037,妇科问答,佚名,明,公元1368-1644年
G-038,家传女科经验摘奇,佚名,清,公元1644-1911年
G-039,广嗣要语,俞桥,明,公元1550年
G-040,张氏妇科,张氏,清,公元1644-1911年
G-041,竹林女科证治,佚名,清,公元1790年
G-042,竹泉生女科集要,竹泉生,清,公元1860年
G-043,胎产秘书,佚名,清,公元1644-1911年
J-001,金匮要略方论,张仲景,汉,公元219年
J-002,金匮钩玄,朱震亨,元,公元1358年
J-003,金匮方歌括,陈念祖,清,公元1644-1911年
J-004,金匮要略心典,尤怡,清,公元1644-1911年
J-005,金匮要略浅注,陈修园,汉,公元1644-1911年
J-006,金匮要略论注,徐彬,清,公元1671年
J-007,金匮玉函经二注,周扬俊,清,公元1687年
J-008,金匮翼,尤怡,清,公元1768年
J-009,金匮玉函要略辑义,元简,清,公元1806年
J-010,高注金匮要略,高学山,清,公元1872年
J-011,曹氏伤寒金匮发微,曹颖甫,近代,公元1931年
J-012,订正仲景全书金匮要略注,吴谦(编),清,公元1742年
J-013,金匮玉函要略述义,丹波元坚,日·江户,公元1842年
K-001,口齿类要,薛己,明,公元1528年
K-002,一草亭目科全书,邓苑,清,公元1644-1911年
K-003,包氏喉证家宝,包三述,清,公元1644-1911年
K-004,喉科集腋,沈青芝,清,公元1644-1911年
K-005,尤氏喉科秘书,王士雄,清,公元1644-1911年
K-006,白喉条辨,陈葆善,清,公元1644-1911年
K-007,眼科奇书,佚名,清,公元1644-1911年
K-008,眼科心法要诀,吴谦等,清,公元1742年
K-009,喉科指掌,张宗良,清,公元1757年
K-010,咽喉脉证通论,佚名(传宋异僧)/许梿校订,清,公元1825年
K-011,咽喉秘集,张绍棠,清,公元1880年
K-012,白喉全生集,李纪方,清,公元1882年
K-013,喉科秘诀,破头黄真人,清,公元1644-1911年
K-014,尤氏喉症指南,尤存隐,清,公元1700年
K-015,异授眼科,佚名,明,公元1368-1644年
K-016,焦氏喉科枕秘,焦氏,清,公元1800年
K-017,眼科秘诀,独孤滔,唐,公元900年
K-018,眼科阐微,马云从,清,公元1700年
K-019,秘传眼科龙木论,佚名,宋,公元960-1279年
N-001,温疫论,吴又可,明,公元1368-1644年
N-002,广瘟疫论,吴又可,明·崇祯末年,公元1641年
N-003,瘟疫论,吴有性,明,公元1642年
N-004,温热暑疫全书,周扬俊,清,公元1644-1911年
N-005,温热经纬,王士雄,清,公元1644-1911年
N-006,温热论,叶桂,清,公元1644-1911年
N-007,温热逢源,柳宝诒,清,公元1644-1911年
N-008,温病指南,高秉钧,清,公元1644-1911年
N-009,温病条辨,吴鞠通,清,公元1644-1911年
N-010,重订广温热论,何廉臣,清,公元1644-1911年
N-011,广瘟疫论,戴天章,清,公元1675年
N-012,湿热病篇,薛雪,清,公元1740年
N-013,三时伏气外感篇,叶桂,清,公元1746年
N-014,温热论,叶桂,清,公元1746年
N-015,时病论,雷丰,清,公元1882年
N-016,温病正宗,王德宣,年份：,<目录>
O-001,名医别录,陶弘景,魏晋,公元220-450年
O-002,褚氏遗书,褚澄,南齐,公元420年—589年
O-003,辅行诀脏腑用药法要,陶弘景,梁,公元536年
O-004,巢氏诸病源候论,巢元方,隋,公元610年
O-005,诸病源候论,巢元方,隋,公元614年
O-006,千金食治,孙思邈,唐,公元618年－公元907年
O-007,银海精微,孙思邈,唐,公元682年
O-008,石药尔雅,梅彪,唐,公元806年
O-009,黄庭内景五脏六腑图,胡愔,唐,公元848年
O-010,养老奉亲书,陈直,宋,公元960-1279年
O-011,卫济宝书,东轩居士,宋,公元960年—1279年
O-012,卫生家宝产科备要,朱端章,宋,公元960-1279年
O-013,太医局诸科程文格,佚名,宋,公元960-1279年
O-014,类证活人书,朱肱,宋,公元960-1127年
O-015,脚气治法总要,董汲,宋,公元960-1279年
O-016,诸病主病诗,东轩居士,宋,公元960年—1279年
O-017,诸病主病诗,东轩居士,宋,公元960-1279年
O-018,兰室秘藏,李东垣,金元间,公元1115-1368年
O-019,内外伤辨惑论,李杲,金,公元1115-1234年
O-020,儒门事亲,张从正,金,公元1127年—1279年
O-021,医学启源,张元素,金,公元1127-1279年
O-022,医说,张杲,南宋,公元1127-1279年
O-023,扁鹊心书,窦材,宋,公元1127年—1279年
O-024,幼幼新书,刘昉,宋,公元1150年
O-025,病机气宜保命集,张元素,金,公元1186年
O-026,备急灸法(景宋本),闻人耆年,宋,公元1226年
O-027,内外伤辨惑论(四库本),李杲,金元,公元1231年
O-028,医学发明,李杲,金元,公元1231年
O-029,洗冤集录,宋慈,宋,公元1247-1249年
O-030,脾胃论,李东垣,金元,公元1249年[公元年起]
O-031,仁斋直指,杨士瀛,宋,公元1264年
O-032,医垒元戎,王好古,元,公元1271-1368年
O-033,玉机微义,徐彦纯,元明,公元1271-1644年
O-034,饮食须知,贾铭,元代,公元1271年—1368年
O-035,丹溪治法心要,朱震亨、,元,公元1279-1368年
O-036,此事难知,王好古,元,公元1279-1368年
O-037,症因脉治,朱丹溪,元,公元1279-1368年
O-038,脉因证治,朱丹溪,清,公元1279-1368年
O-039,丹溪手镜,朱丹溪,元,公元１２８１—１３５８年
O-040,医述,程杏轩,元,公元1314年
O-041,卫生宝鉴,罗天益,元,公元1343年
O-042,丹溪心法,朱震亨、戴思恭,元末明初,公元1347年
O-043,活法机要,朱震亨,元,公元1347年
O-044,仁术便览,张洁,明,公元1368-1644年
O-045,内科摘要,薛己,明,公元1368-1644年
O-046,医旨绪余,孙一奎,明,公元1368-1644年
O-047,古今医鉴,龚信,明,公元1368-1644年
O-048,寿世保元,龚廷贤,明,公元1368年—1644年
O-049,慈幼新书,程云鹏,明,公元1368-1644年
O-050,慎柔五书,胡慎柔,明,公元1368-1644年
O-051,推求师意,戴思恭,明,公元1368年—1644年
O-052,明医指掌,皇甫中,明,公元1368年—1644年
O-053,理虚元鉴,汪绮石,明,公元1368-1644年
O-054,疠疡机要,薛己,明,公元1368-1644年
O-055,痰火点雪,龚居中,明,公元1368-1644年
O-056,瘴疟指南,郑全望,明,公元1368-1644年
O-057,祖剂,施沛,明,公元1368-1644年
O-058,类经图翼,张介宾,明,公元1368-1644年
O-059,证治准绳·杂病,王肯堂,明,公元1368-1644年
O-060,辨证汇编,佚名,明,公元1368-1644年
O-061,邯郸遗稿,赵献可,明,公元1368-1644年
O-062,原机启微,倪维德,元,公元1370年
O-063,神应经,陈会撰、刘瑾补辑,明·洪熙元年,公元1425年
O-064,松崖医径,程玠,明,公元1500年
O-065,明医杂着,王纶,明,公元1502年-1549年
O-066,医闾先生集,贺钦,明,公元1510年
O-067,医学正传,虞传,明,公元1515年
O-068,韩氏医通,韩懋,明,公元1522年
O-069,续医说,俞弁,明,公元1545年
O-070,名医类案,江瓘,明,公元1549年
O-071,解围元薮,沈之问,明,公元1550年
O-072,古今医统大全,徐春甫,明,公元1556年
O-073,医学纲目,楼英,明,公元1565年
O-074,医家秘奥之脉法解,周慎斋,明,公元1570年
O-075,推篷寤语,李豫亨,明,公元1570年
O-076,推篷寤语&医林琐语,李豫亨/陆懋修,明/清,公元1570/1880年
O-077,慎斋遗书,周之干,明,公元1573年
O-078,赤水玄珠,孙一奎,明,公元1573年
O-079,医学入门,李橚,明,公元1575年
O-080,奇经八脉考,李时珍,明·万历五年,公元1577年
O-081,肯堂医论,王肯堂,明,公元1602年
O-082,证治准绳,王肯堂,明,公元1602年
O-083,证治准绳(杂病),王肯堂,明,公元1602年
O-084,万病回春,龚廷贤,明,公元1615年
O-085,先醒斋广笔记,缪希雍,明,公元1622年
O-086,月令采奇,李一楫,明,公元1622年
O-087,类经,张介宾,明·天启四年,公元1624年
O-088,丹台玉案,孙文胤,明,公元1637
O-089,摄生总要,洪基,明,公元1638年
O-090,景岳全书,张介宾,明,公元1640年
O-091,万氏秘传片玉心书,李子毅,清,公元1644-1911年
O-092,中风论,熊笏,清·嘉庆,公元1644-1911年
O-093,仁端录,徐谦,明,公元1644年
O-094,侣山堂类辩,张志聪,清,公元1644-1911年
O-095,六因条辨,陆子贤,清,公元1644-1911年
O-096,冯氏锦囊秘录,冯楚瞻,清代,公元1644-1911年
O-097,劝读十则,佚名,清,公元1644-1911年
O-098,医医十病,佚名,清,公元1644-1911年
O-099,医医小草,宝辉,清,公元1644-1911年
O-100,医学三字经,陈修园,清,公元1644-1911年
O-101,医学从众录,陈修园,清,公元1644-1911年
O-102,医学传灯,陈歧,清,公元1644-1911年
O-103,医学妙谛,何其伟,清,公元1644-1911年
O-104,医学实在易,陈修园,清,公元1644-1911年
O-105,医学心悟,程国彭,清,公元1644-1911年
O-106,医学真传,高秉钧,清,公元1644-1911年
O-107,医宗己任编,高鼓峰,清,公元1644-1911年
O-108,医林改错,王清任,清,公元1644-1911年
O-109,医林琐语,佚名,清,公元1644-1911年
O-110,医灯续焰,潘楫,清,公元1644-1911年
O-111,医脉摘要,萧廉泉,清,公元1644-1911年
O-112,医门法律,喻昌,清,公元1644-1911年
O-113,医门补要,赵濂,清,公元1644-1911年
O-114,古今医彻,怀远,清,公元1644年－公元1911年
O-115,古今名医汇粹,罗美,清,公元1644年－公元1911年
O-116,喉舌备要秘旨,佚名,清,公元1644-1911年
O-117,女丹合编选注,贺龙骧,清,公元1644──公元1911年
O-118,宜麟策,佚,清,公元1644年—1911年
O-119,审视瑶函,傅仁宇,清,公元1644-1911年
O-120,察舌辨症新法,刘恒瑞,清,公元1644-1911年
O-121,寿世传真,徐文弼,清,公元1644-1911年
O-122,寿世青编,尤乘,清,公元1644-1911年
O-123,市隐庐医学杂着,王严士,清,公元1644-1911年
O-124,形色外诊简摩,周学海,清,公元1644-1911年
O-125,心医集,祝登元,清,公元1644-1911年
O-126,性命要旨,汪东亭,清,公元1644年—1911年
O-127,望诊遵经,汪宏,清,公元1644年—1911年
O-128,杂病心法要诀,吴谦等,清,公元1644-1911年
O-129,松峰说疫,刘松峰,清,公元1644年—1911年
O-130,济生集,王上元,清,公元1644-1911年
O-131,疫疹一得,余霖,清,公元1644-1911年
O-132,痧胀玉衡,郭士遂,清,公元1644-1911年
O-133,痰疠法门,李子毅,清,公元1644-1911年
O-134,知医必辨,李冠仙,清,公元1644-1911年
O-135,石室秘录,陈士铎,清,公元1644-1911年
O-136,祝由十三科,佚名(托名轩辕黄帝),清,公元1644-1911年
O-137,穴道秘书,杨成博,清,公元1644-1911年
O-138,类证治裁,林佩琴,清,公元1644-1911年
O-139,绛囊撮要,云川道人,清,公元1644年-1911年
O-140,续名医类案,魏之琇,清,公元1644-1911年
O-141,脉确,黄琳述,清,公元1644-1911年
O-142,诚求集,朱世扬,清,公元1644-1911年
O-143,质疑录,张介宾,清,公元1644-1911年
O-144,轩岐救正论,萧京,明,公元1644年
O-145,辨症汇编,佚名,清,公元1644-1911年
O-146,辨证录,陈士铎,清,公元1644-1911年
O-147,银海指南,顾锡,清,公元1644-1911年
O-148,陆地仙经,马齐,清,公元1644年—1911年
O-149,随息居重订霍乱论,王士雄,清,公元1644-1911年
O-150,顾松园医镜,顾靖远,清,公元1644-1911年
O-151,尚论后篇,喻昌,清,公元1648年
O-152,尚论篇,喻昌,清,公元1648年
O-153,医津一筏,江之兰,清,公元1661年
O-154,医略,蒋士吉,清,公元1664年
O-155,医贯,赵献可,明,公元1687年
O-156,外经微言,陈士铎,清,公元1687年
O-157,证治汇补,李用粹,清,公元1687年
O-158,辨证奇闻,陈士铎,清,公元1687年
O-159,诊宗三昧,张璐,清,公元1689年
O-160,张氏医通,张璐,清·康熙三十四年,公元1695年
O-161,杂症会心录,汪文绮,清,公元1725年
O-162,风劳臌膈四大证治,姜天叙,清,公元1725年
O-163,医学读书记,尤怡,清,公元1729年
O-164,医源,施雯,清,公元1735年
O-165,目经大成,黄庭镜草成此书，此后四易其稿，但未付梓。弟子邓学礼得悉此书后于嘉庆十年刊行,清·乾隆六年,公元1741年
O-166,医宗金鉴,吴谦,清,公元1742年
O-167,御纂医宗金鉴,吴谦,清,公元1742年
O-168,正骨心法要旨,吴谦等,清,公元1742年
O-169,麻科活人全书,谢玉琼恩,清,公元1748年
O-170,幼幼集成,陈复正,清,公元1750年
O-171,医碥,何梦瑶,清,公元1751年
O-172,四圣心源,黄元御,清,公元1753年
O-173,医学源流论,徐大椿,清·乾隆二十二年,公元1757年
O-174,串雅内外编,赵学敏,清,公元1759年
O-175,兰台轨范,徐大椿,清,公元1764年
O-176,慎疾刍言,徐大椿,清,公元1767年
O-177,杂病源流犀烛,沈金鳌,清,公元1773年
O-178,奇症汇,沈源,清,公元1786年
O-179,罗氏会约医镜,罗国纲,清,公元1789年
O-180,吴医汇讲,唐大烈,清,公元1792-1801年
O-181,医学举要,杨和,清,公元1800年
O-182,急救广生集,程鹏程,清,公元1805年
O-183,鲙残篇,沈萍如,清,公元1807年
O-184,回春录,王士维,清,公元1824年-1857年
O-185,原要论,袁氏（佚名）,清,公元1828年
O-186,医学传心录,钱乐天(辑),清,公元1830年
O-187,重订产孕集,张曜孙,清,公元1830年
O-188,医效秘传,叶桂述吴金寿校,清,公元1831年
O-189,疯门全书,肖晓亭,清,公元1836年
O-190,重楼玉钥,郑梅涧,清·乾隆年间,公元1838年
O-191,重楼玉钥续编,方成培,清,公元1838年
O-192,医中一得,顾仪卿,清,公元1850年
O-193,医中一得&医医十病,顾仪卿/佚名,清,公元1850年
O-194,医学指归,赵术堂,清,公元1851年
O-195,杂病广要,日本·丹波元坚撰,清,公元1853年
O-196,医学集成,刘仕廉,清,公元1856年
O-197,医病简要,张畹香,清,公元1860年
O-198,理瀹骈文,吴师机,清,公元1864年
O-199,评琴书屋医略,潘名熊,清,公元1865年
O-200,医理真传,郑钦安,清,公元1869年
O-201,玉台新案,张永,清,公元1870年
O-202,三指禅,周学霆,清,公元1872年
O-203,医法圆通,郑钦安,清,公元1874年
O-204,医林琐语,陆懋修,清,公元1880年
O-205,蠢子医,龙之章,清,公元1882年
O-206,血证论,唐容川,清,公元1884年
O-207,医学衷中参西录,张锡纯,清,公元1909年
O-208,临症验舌法,杨云峰,清,公元1917年
O-209,皇汉医学,汤本求真,近代(日本),公元1928年
O-210,丹医秘授古脉法,周潜川,近代,公元1947年
O-211,中医蒙求,佚名,现代,公元1950年
O-212,程门雪遗稿,程门雪,现代,公元1972年
O-213,中国民间刺血术(节选),刘少林,现代,公元1980年
O-214,名老中医之路,佚名,现代,公元1980年
O-215,李翰卿学术经验,李翰卿,现代,公元1980年
O-216,戴丽三医疗经验选,戴丽三,现代,公元1983年
O-217,澄空民间中医学精髓论,王澄空,现代,公元1985年
O-218,热病衡正,柴中元,现代,公元1987年
O-219,三十年临证经验集,邹孟城,现代,公元1990年
O-220,名师垂教,佚名,现代,公元1990年
O-221,中医之钥,彭奕峻,现代,公元1995年
O-222,赵绍琴临证验案精选上,赵绍琴,现代,公元1995年
O-223,思考中医,刘力红,现代,公元2002年
O-224,复泰草堂医论选,炎黄(佚名),现代,公元2005年
O-225,一得集,释心禅,清,公元1890年
O-226,三消论,刘完素,金,公元1186年
O-227,上池杂说,冯时可,明,公元1600年
O-228,专治麻痧初编,佚名,清,公元1742年
O-229,中国医籍考,丹波元胤,日·江户,公元1826年
O-230,中寒论辩证广注,佚名,清,公元1644-1911年
O-231,何氏虚劳心传,何炫,清,公元1700年
O-232,保幼新编,无忌先生,明,公元1630年
O-233,修昆仑证验,天休子,清,公元1846年
O-234,傅青主男科重编考释,傅山,清,公元1660年
O-235,医医医,孟今氏,清,公元1909年
O-236,医原,石寿棠,清,公元1861年
O-237,医学摘粹,庆恕,清,公元1896年
O-238,医学见能,唐宗海,清,公元1884年
O-239,医学课儿策,高鼎汾,清,公元1908年
O-240,医暇卮言,程林,清,公元1670年
O-241,十剂表,包诚,清,公元1868年
O-242,发背对口治诀论,谢映庐,清,公元1830年
O-243,叶选医衡,叶桂(选),清,公元1746年
O-244,周慎斋遗书,周之干,明,公元1573年
O-245,增订十药神书,葛可久(原)/潘霨(增订),元/清,公元1348/1870年
O-246,增订叶评伤暑全书,张鹤腾,明,公元1623年
O-247,宁坤秘笈,佚名,清,公元1644-1911年
O-248,宋本备急灸法,闻人耆年,宋,公元1226年
O-249,巢氏病源补养宣导法,巢元方(原)/廖平(辑),隋/清,公元610/1880年
O-250,慈幼便览,佚名,清,公元1644-1911年
O-251,明目至宝,佚名,明,公元1600年
O-252,杂病治例,刘纯,明,公元1400年
O-253,杨成博先生遗留穴道秘书,杨成博,清,公元1644-1911年
O-254,校注医醇剩义,费伯雄,清,公元1863年
O-255,格致余论,朱震亨,元,公元1347年
O-256,灵素节注类编,佚名,清,公元1644-1911年
O-257,灸法秘传,金冶田(传),清,公元1883年
O-258,炙膏肓腧穴法,庄绰,宋,公元1128年
O-259,研经言,莫枚士,清,公元1856年
O-260,简明医彀,孙志宏,明,公元1629年
O-261,经验麻科,佚名,清,公元1644-1911年
O-262,脉理求真,黄宫绣,清,公元1769年
O-263,虚损启微,洪炜,清,公元1765年
O-264,西池集,佚名,清,公元1800年
O-265,订正太素脉秘诀,张太素,明,公元1600年
O-266,证治心传,袁班,明,公元1643年
O-267,评注产科心法,殷子正,清,公元1875年
O-268,辨症玉函,陈士铎,清,公元1687年
O-269,达摩洗髓易筋经,佚名,清,公元1644-1911年
O-270,达生编,亟斋居士,清,公元1715年
O-271,重订囊秘喉书,杨龙九,清,公元1900年
O-272,重订灵兰要览,王肯堂(原)/顾金寿(重订),明/清,公元1602/1800年
O-273,青囊秘诀,傅山,清,公元1660年
O-274,鬻婴提要说,佚名,清,公元1644-1911年
S-001,伤寒论,张仲景,东汉,公元25-220年
S-002,伤寒杂病论(桂林古本),张仲景,汉,公元205年
S-003,伤寒论(宋本),张仲景,汉,公元205年
S-004,伤寒论注释,张仲景(成无己注),汉/金,公元205/1156年
S-005,伤寒论集注,张仲景(张隐庵集注),汉/清,公元205/1690年
S-006,桂林古本伤寒杂病论,张仲景,汉,公元205年
S-007,伤寒九十论,许叔微述,宋,公元960-1279年
S-008,伤寒发微论,许叔微述,宋,公元960-1279年
S-009,伤寒法祖,任越庵,宋,公元960-1279年
S-010,伤寒百证歌,许叔微述,宋,公元960-1279年
S-011,伤寒微旨论,韩祗和,宋,公元1086年
S-012,伤寒总病论,庞安石,宋,公元1100年
S-013,伤寒标本心法类萃,刘完素,金,公元1115-1234年
S-014,伤寒直格,刘完素,金,公元1186年
S-015,河间伤寒心要,镏洪,金,公元1127年—1279年
S-016,伤寒明理论,成无己,宋,公元1142年
S-017,注解伤寒论,成无己,金,公元1144年
S-018,仲景伤寒补亡论,郭雍,宋,公元1181年
S-019,伤寒直格方,刘完素,金,公元1186年
S-020,伤寒心镜别集,张从正,金,公元1228年
S-021,刘河间伤寒医鉴,马宗素,元代,公元1271年—1368年
S-022,敖氏伤寒金镜录,杜本,元,公元1341年
S-023,伤寒六书,陶华,明,公元1368-1644年
S-024,伤寒括要,李中梓,明,公元1368-1644年
S-025,伤寒论条辨,方有执,明,公元1368年—1644年
S-026,伤寒证治准绳,王肯堂,明,公元1368-1644年
S-027,证治准绳·伤寒,王肯堂,明,公元1368年—1644年
S-028,证治准绳(伤寒),王肯堂,明,公元1602年
S-029,伤寒医诀串解,陈念祖,清,公元1644-1911年
S-030,伤寒大白,高世栻,清,公元1644-1911年
S-031,伤寒审证表,包诚,清,公元1870年
S-032,伤寒寻源,吕震名,清,公元1644-1911年
S-033,伤寒心法要诀,吴谦,清朝,公元1644-1911年
S-034,伤寒悬解,黄元御,清,公元1644-1911年
S-035,伤寒指掌,吴坤安,清,公元1644-1911年
S-036,伤寒捷诀,严则庵纂辑、裘庆元辑,清,公元1644-1911年
S-037,伤寒溯源集,钱潢,清,公元1644-1911年
S-038,伤寒缵论,张璐,清,公元1644-1911年
S-039,伤寒补例,周学海,清,公元1644-1911年
S-040,伤寒论注,柯琴,清,公元1644-1911年
S-041,伤寒论纲目,沈金鳌,清,公元1644-1911年
S-042,伤寒论翼,柯琴,清,公元1644-1911年
S-043,伤寒附翼,柯琴,清,公元1644-1911年
S-044,张卿子伤寒论,张卿子,清,公元1644-1911年
S-045,重订通俗伤寒论,俞根撰，近代徐荣斋重订。,清,公元1644-1911年
S-046,伤寒舌鉴,张登,清·康熙戊申年,公元1668年
S-047,伤寒来苏集,柯琴,清,公元1674年
S-048,伤寒兼证析义,张倬,清,公元1680年
S-049,伤寒贯珠集,尤怡,清,公元1729年
S-050,订正仲景全书伤寒论注,吴谦,清,公元1742年
S-051,伤寒论类方,徐灵胎,清,公元1759年
S-052,伤寒类方,徐大椿,清,公元1764年
S-053,伤寒恒论,郑钦安,清,公元1869年
S-054,伤寒辨要笺记,何志雄,现代,公元1982年
S-055,伤寒论辑义,丹波元珍,日·江户,公元1822年
S-056,伤寒论辩证广注,汪琥,清,公元1686年
T-001,养性延命录,陶弘景,梁,公元536年
T-002,房中补益,孙思邈,唐,公元652年
T-003,寿亲养老新书,陈直/邹铉,宋/元,公元1080/1307年
T-004,易牙遗意,韩奕,元,公元1338年
T-005,养生导引法,胡文焕,明,公元1368年—1644年
T-006,养生导引秘籍,胡文焕,明,公元1368年—1644年
T-007,养生类要,吴正伦,明,公元1368年—1644年
T-008,万氏家传养生四要,万全,明,公元1549年
T-009,遵生八笺,高濂,明,公元1591年
T-010,养生肤语,陈继儒,明,公元1600年
T-011,养生秘旨,马齐,清,公元1644-1911年
T-012,运气要诀,吴谦,清,公元1644-1911年
T-013,养生随笔,曹庭栋,清,公元1773年
T-014,养生三要,袁昌龄,清,公元1790年
T-015,厘正按摩要术,张振鉴,清,<目录>
T-016,推拿抉微,涂蔚生,近代,公元1928年
W-001,外科精要,陈自明,宋,公元1263年
W-002,外科精义,齐德之,元,公元1271～1368年
W-003,外科枢要,薛己,明,公元1368-1644年
W-004,外科理例,汪机,明·嘉靖二年,公元1368-1644年
W-005,立斋外科发挥,薛己,明,公元1368-1644年
W-006,证治准绳·疡医,王肯堂,明,公元1368-1644年
W-007,外科发挥,薛己,明,公元1528年
W-008,正体类要,薛己,明,公元1529年
W-009,证治准绳(疡医),王肯堂,明,公元1602年
W-010,外科启玄,申斗垣,明,公元1604年
W-011,外科正宗,陈实功,明,公元1617年
W-012,伤科大成,赵濂,清,公元1644-1911年
W-013,外科医镜,高思敬,清,公元1644-1911年
W-014,外科十法,朱世杰,清,公元1644～1911年
W-015,外科选要,徐直銈,清,公元1644-1911年
W-016,接骨手法,佚名,清,公元1644-1911年
W-017,疡医大全,顾世澄,清,公元1644-1911年
W-018,疡科心得集,高秉钧,清,公元1644-1911年
W-019,外科大成,祁坤,清,公元1665年
W-020,外科全生集,王洪绪,清,公元1740年
W-021,外科心法要诀,吴谦等,清,公元1742年
W-022,伤科汇纂,胡廷光,清,公元1808年
W-023,伤科补要,钱潢,清,公元1808年
W-024,外科传薪集,马培之,清,公元1912-1949年
W-025,疡科纲要,张山雷,民国初年,公元1912-至今
W-026,万氏秘传外科心法,万全,明,公元1550年
W-027,外科证治全书,许克昌/毕法,清,公元1831年
W-028,江氏伤科学,江考卿,清,公元1840年
Y-001,灵枢经,佚名,战国,公元前475-221年
Y-002,黄帝内经灵枢,佚名,战国,公元前475-221年
Y-003,黄帝内经素问,佚名,战国,公元前475-221年
Y-004,黄帝内经素问,佚名,战国,公元前475-221年
Y-005,八十一难经,秦越人扁鹊,西汉末,公元前206年-公元8年
Y-006,华氏中藏经,华佗,东汉,公元25—220年
Y-007,中藏经,华佗,汉,公元200年
Y-008,素问六气玄珠密语,王冰,唐,公元618-907年
Y-009,黄帝内经太素,杨上善,唐,公元618-907年
Y-010,重广补注黄帝内经素问,王冰(林亿校正),唐/宋,公元762/1067年
Y-011,黄帝内经素问遗篇,编撰人不详,宋,公元960-1279年
Y-012,素问入式运气论奥,刘温舒,宋,公元1099年
Y-013,素问要旨论,刘完素,金,公元1115-1234年
Y-014,黄帝素问宣明论方,刘完素,金,公元1115-1234年
Y-015,素问玄机原病式,刘完素,金,公元1188年
Y-016,素问病机气宜保命集,刘完素,金,公元1188年
Y-017,内经知要,李中梓,宋,公元1264年
Y-018,读素问钞,滑寿,元,公元1279-1368年
Y-019,难经本义,滑寿,元,公元1361年
Y-020,医经小学,刘纯,明,公元1388年
Y-021,灵枢经脉翼,夏英,明·弘治十年,公元1497年
Y-022,难经集注,王九思,明,公元1505年
Y-023,中西汇通医经精义,唐宗海着,清,公元1644-1911年
Y-024,医经原旨,薛雪,清,公元1644-1911年
Y-025,医经溯洄集,王履,清,公元1644-1911年
Y-026,医经读,沈又彭,清,公元1644-1911年
Y-027,古本难经阐注,丁锦,清,公元1644-1911年
Y-028,素问灵枢类纂约注,汪琥辨,清,公元1644-1911年
Y-029,素问经注节解,姚止庵,清,公元1644-1911年
Y-030,难经正义,叶霖,清,公元1644-1911年
Y-031,难经经释,徐灵胎,清,公元1644-1911年
Y-032,黄帝内经素问校义,胡澍学,清,公元1644-1911年
Y-033,黄帝内经素问集注,张志聪,清,公元1644-1911年
Y-034,黄帝素问直解,高士宗,清,公元1644-1911年
Y-035,黄帝内经灵枢集注,张志聪,清,公元1672年
Y-036,内经博议,罗美,清,公元1675年
Y-037,内经药瀹,张骥,清,公元1675年
Y-038,内经评文,周学海,清,公元1896年
Y-039,李培生老中医经验集,李培生,现代,公元1990年
Y-040,黄帝内经十二经脉秘与应用,祝华英,现代,公元1990年
Y-041,经穴秘密,佚名,现代,公元2000年
Y-042,医经国小,刘纯,明,公元1388年
Y-043,灵枢识,丹波元珍,日·江户,公元1822年
Y-044,素问识,丹波元珍,日·江户,公元1822年
Y-045,难经古义,滕万卿,日·江户,公元1760年
Z-001,针灸甲乙经,皇甫谧,晋,公元256年
Z-002,明堂灸经,佚名,唐,公元618-907年
Z-003,鬼门十三针,孙思邈(传),唐,公元652年
Z-004,铜人针灸经,王惟一,北宋,公元1026年
Z-005,针灸资生经,王执中,南宋·嘉定十二年,公元1220年
Z-006,扁鹊神应针灸玉龙经,王国瑞,元,公元1279-1368年
Z-007,针经指南,窦汉卿,元·元贞元年,公元1295年
Z-008,针经节要,杜思敬,元,公元1315年
Z-009,十四经发挥,滑寿,元,公元1341年
Z-010,百家针灸歌赋,佚名,明,公元1368-1644年
Z-011,西方子明堂灸经,不详,元·至正末年,公元1368年
Z-012,普济方·针灸,朱梓,明·永乐四年,公元1406年
Z-013,针灸大全,徐凤,明·正统四年,公元1439
Z-014,针灸聚英,高武,明·嘉靖八年,公元1529年
Z-015,针灸问对,汪机,明,嘉靖九年·公元1530年
Z-016,针灸素难要旨,高武,明·嘉靖十六年,公元1537年
Z-017,针灸节要,高武,明,公元1537年
Z-018,经络全书,沈子禄、徐师曾撰,明·万历四年,公元1576年
Z-019,杨敬斋针灸全书,陈言,明·万历十九年,公元1591年
Z-020,针邪密要,杨继洲,明,公元1601年
Z-021,经络考,张三锡,明·万历三十七年,公元1609年
Z-022,经络汇编,翟良,明·崇祯元年,公元1628年
Z-023,凌门传授铜人指穴,不详,清·康熙前,公元1644-1911年
Z-024,析骨分经,宁一玉,明,公元1646年
Z-025,刺灸心法要诀,吴谦,清,公元1742年
Z-026,针灸易学,李守先,清·嘉庆三年,公元1798年
Z-027,针灸逢源,李学川,清·嘉庆二十年,公元1815年
Z-028,神灸经纶,吴亦鼎,清·咸丰六年,公元1851年
Z-029,针灸集成,廖润鸿,清·同治十三年,公元1874年
Z-030,子午流注说难,吴棹仙,近代,公元1956年
Z-031,子午流注针经,何若愚撰、阎明广注,金,撰年不详
Z-032,经穴汇解,原昌克,日·江户,公元1800年
Z-033,金针秘传,方慎盦,近代,公元1937年
Z-034,针灸大成,杨继洲,明,公元1601年
Z-035,针灸神书,琼瑶真人,宋,公元960-1279年
Z-036,黄帝明堂灸经,不详,唐代,<目录>
